{
  "numTotalTestSuites": 1,
  "numPassedTestSuites": 1,
  "numFailedTestSuites": 0,
  "numPendingTestSuites": 0,
  "numTotalTests": 4,
  "numPassedTests": 4,
  "numFailedTests": 0,
  "numPendingTests": 0,
  "numTodoTests": 0,
  "startTime": 1719864888774,
  "success": true,
  "testResults": [
    {
      "assertionResults": [
        {
          "ancestorTitles": [
            ""
          ],
          "fullName": " Butonda Gizle yazısı ile başlıyor.",
          "status": "passed",
          "title": "Butonda Gizle yazısı ile başlıyor.",
          "duration": 28,
          "failureMessages": []
        },
        {
          "ancestorTitles": [
            ""
          ],
          "fullName": " Butona tıklanınca buton yazısı Göster oluyor",
          "status": "passed",
          "title": "Butona tıklanınca buton yazısı Göster oluyor",
          "duration": 17,
          "failureMessages": []
        },
        {
          "ancestorTitles": [
            ""
          ],
          "fullName": " Butona tıklanınca buton yazısı Göster oluyor",
          "status": "passed",
          "title": "Butona tıklanınca buton yazısı Göster oluyor",
          "duration": 7,
          "failureMessages": []
        },
        {
          "ancestorTitles": [
            ""
          ],
          "fullName": " Butona tıklanınca buton yazısı Göster oluyor",
          "status": "passed",
          "title": "Butona tıklanınca buton yazısı Göster oluyor",
          "duration": 9,
          "failureMessages": []
        }
      ],
      "startTime": 1719865803085,
      "endTime": 1719865803146,
      "status": "passed",
      "message": "",
      "name": "/home/projects/vitejs-vite-hungbz/src/__tests__/Dondurucu.test.jsx"
    }
  ]
}